celebrity_name,wiki_title,pop_score,source
AJ McLean,AJ McLean,689588,pageviews_1y
Aaron Carter,Aaron Carter,1490244,pageviews_1y
Adam Carolla,Adam Carolla,485601,pageviews_1y
Adam Rippon,Adam Rippon,110447,pageviews_1y
Adrian Peterson,Adrian Peterson,656186,pageviews_1y
Aiden Turner,Aiden Turner,58937,pageviews_1y
Albert Reed,Albert Reed,202,pageviews_1y
Alek Skarlatos,Alek Skarlatos,64245,pageviews_1y
Alexa PenaVega,Alexa PenaVega,645425,pageviews_1y
Alexandra Raisman,Aly Raisman,234725,pageviews_1y
Alexis Ren,Alexis Ren,312693,pageviews_1y
Alfonso Ribeiro,Alfonso Ribeiro,838330,pageviews_1y
Alix Earle,Alix Earle,2993100,pageviews_1y
Ally Brooke,Ally Brooke,214541,pageviews_1y
Alyson Hannigan,Alyson Hannigan,1125554,pageviews_1y
Amanda Kloots,Amanda Kloots,182655,pageviews_1y
Amber Riley,Amber Riley,250425,pageviews_1y
Amber Rose,Amber Rose,710613,pageviews_1y
Amy Purdy,Amy Purdy,146051,pageviews_1y
Andy Dick,Andy Dick,1280745,pageviews_1y
Andy Grammer,Andy Grammer,447581,pageviews_1y
Andy Richter,Andy Richter,908171,pageviews_1y
Anna Delvey,Anna Delvey,1045161,pageviews_1y
Anne Heche,Anne Heche,2373965,pageviews_1y
Antonio Brown,Antonio Brown,1260636,pageviews_1y
Antonio Sabato Jr.,Antonio Sabàto Jr.,232760,pageviews_1y
Apolo Anton Ohno,Apolo Ohno,196660,pageviews_1y
Ariana Madix,Ariana Madix,941343,pageviews_1y
Arike Ogunbowale,Arike Ogunbowale,138881,pageviews_1y
Ashley Hamiliton,The Secret Storm,30856,pageviews_1y
Audrina Patridge,Audrina Patridge,181066,pageviews_1y
Babyface,Babyface (musician),555826,pageviews_1y
Barbara Corcoran,Barbara Corcoran,454799,pageviews_1y
Baron Davis,Baron Davis,357378,pageviews_1y
Barry Williams,Barry Williams (actor),306157,pageviews_1y
Belinda Carlisle,Belinda Carlisle,1002327,pageviews_1y
Bethany Mota,Bethany Mota,46205,pageviews_1y
Betsey Johnson,Betsey Johnson,165862,pageviews_1y
Bill Engvall,Bill Engvall,190075,pageviews_1y
Bill Nye,Bill Nye,687325,pageviews_1y
Billy Dee Williams,Billy Dee Williams,623657,pageviews_1y
Billy Ray Cyrus,Billy Ray Cyrus,1434438,pageviews_1y
Bindi Irwin,Bindi Irwin,1234064,pageviews_1y
Bobby Bones,Bobby Bones,203516,pageviews_1y
Bonner Bolton,Bonner Bolton,9183,pageviews_1y
Brandy,Brandy,517478,pageviews_1y
Brant Daugherty,Brant Daugherty,89220,pageviews_1y
Brian Austin Green,Brian Austin Green,1034936,pageviews_1y
Bristol Palin,Bristol Palin,295182,pageviews_1y
Brooke Burke,Brooke Burke,486206,pageviews_1y
Brooks Nader,Brooks Nader,944653,pageviews_1y
Buzz Aldrin,Buzz Aldrin,1423293,pageviews_1y
Calvin Johnson Jr.,Calvin Johnson,495180,pageviews_1y
Cameron Mathison,Cameron Mathison,353100,pageviews_1y
Candace Cameron Bure,Candace Cameron Bure,1271795,pageviews_1y
Carlos PenaVega,Carlos PenaVega,361413,pageviews_1y
Carole Baskin,Carole Baskin,325270,pageviews_1y
Carson Kressley,Carson Kressley,205328,pageviews_1y
Chad Ochocinco,Chad Johnson,800759,pageviews_1y
Chaka Khan,Chaka Khan,704374,pageviews_1y
Chandler Kinney,Chandler Kinney,151183,pageviews_1y
Charity Lawson,The Bachelorette (American TV series) season 20,18822,pageviews_1y
Charles Oakley,Charles Oakley,374971,pageviews_1y
Charli D'Amelio,Charli D'Amelio,926191,pageviews_1y
Charlie White,Charlie White (figure skater),39517,pageviews_1y
Charlotte McKinney,Charlotte McKinney,105925,pageviews_1y
Charo,Charo,496437,pageviews_1y
Chaz Bono,Chaz Bono,887479,pageviews_1y
Chelsea Kane,Chelsea Kane,176795,pageviews_1y
Cheryl Ladd,Cheryl Ladd,548823,pageviews_1y
Chris Jericho,Chris Jericho,886650,pageviews_1y
Chris Kattan,Chris Kattan,823739,pageviews_1y
Chris Mazdzer,Chris Mazdzer,9302,pageviews_1y
Chris Soules,Chris Soules,35146,pageviews_1y
Chrishell Stause,Chrishell Stause,840289,pageviews_1y
Christina Milian,Christina Milian,617251,pageviews_1y
Christine Chiu,Bling Empire,57245,pageviews_1y
Chuck Liddell,Chuck Liddell,382664,pageviews_1y
Chuck Wicks,Chuck Wicks,35157,pageviews_1y
Chynna Phillips,Chynna Phillips,946178,pageviews_1y
Cloris Leachman,Cloris Leachman,857990,pageviews_1y
Clyde Drexler,Clyde Drexler,363978,pageviews_1y
Cody Linley,Cody Linley,75676,pageviews_1y
Cody Rigsby,Cody Rigsby,42166,pageviews_1y
Cody Simpson,Cody Simpson,549836,pageviews_1y
Corbin Bleu,Corbin Bleu,507663,pageviews_1y
Corey Feldman,Corey Feldman,2337854,pageviews_1y
Cristian de la Fuente,Cristián de la Fuente,46104,pageviews_1y
D. L. Hughley,D. L. Hughley,213021,pageviews_1y
Danelle Umstead,Danelle Umstead,5676,pageviews_1y
Danica McKellar,Danica McKellar,791271,pageviews_1y
Daniel Durant,Daniel Durant,215393,pageviews_1y
Danielle Fishel,Danielle Fishel,1348003,pageviews_1y
Danny Amendola,Danny Amendola,294649,pageviews_1y
David Alan Grier,David Alan Grier,440275,pageviews_1y
David Arquette,David Arquette,1454712,pageviews_1y
David Hasselhoff,David Hasselhoff,1210450,pageviews_1y
David Ross,Adin Ross,1103340,pageviews_1y
DeMarcus Ware,DeMarcus Ware,156529,pageviews_1y
Debbie Gibson,Debbie Gibson,668690,pageviews_1y
Debi Mazar,Debi Mazar,1158890,pageviews_1y
Denise Richards,Denise Richards,2782448,pageviews_1y
Derek Fisher,Derek Fisher,279442,pageviews_1y
Diana Nyad,Diana Nyad,226001,pageviews_1y
Donald Driver,Donald Driver,109294,pageviews_1y
Donny Osmond,Donny Osmond,638821,pageviews_1y
Dorothy Hamill,Dorothy Hamill,238910,pageviews_1y
Doug Flutie,Doug Flutie,532096,pageviews_1y
Drew Carey,Drew Carey,972591,pageviews_1y
Drew Lachey,Drew Lachey,10166,page_length
Drew Scott,Drew Scott,436396,pageviews_1y
Dwight Howard ,Dwight Howard,115694,page_length
Dylan Efron,Dylan Efron,7087,page_length
Elaine Hendrix,Elaine Hendrix,1335668,pageviews_1y
Elisabetta Canalis,Elisabetta Canalis,20935,page_length
Elizabeth Berkley Lauren,Elizabeth Berkley,1005320,pageviews_1y
Emmitt Smith,Emmitt Smith,72094,page_length
Eric Roberts,Eric Roberts,1413076,pageviews_1y
Erika Jayne,Erika Jayne,37145,page_length
Erin Andrews,Erin Andrews,655140,pageviews_1y
Evan Lysacek,Evan Lysacek,121709,page_length
Evander Holyfield,Evander Holyfield,714407,pageviews_1y
Evanna Lynch,Evanna Lynch,72676,page_length
Florence Henderson,Florence Henderson,382434,pageviews_1y
Floyd Mayweather Jr. ,Floyd Mayweather Jr.,281147,page_length
Frankie Muniz,Frankie Muniz,1245956,pageviews_1y
Gabby Windey,Gabby Windey,20173,page_length
Gary Busey,Gary Busey,1200404,pageviews_1y
Gavin DeGraw,Gavin DeGraw,65180,page_length
George Hamilton,George Hamilton (actor),788198,pageviews_1y
Geraldo Rivera,Geraldo Rivera,64064,page_length
Gilles Marini,Gilles Marini,111369,pageviews_1y
Ginger Zee,Ginger Zee,13831,page_length
Giselle Fernandez,Giselle Fernández,16210,pageviews_1y
Gladys Knight,Gladys Knight,61510,page_length
Hannah Brown,Hannah Brown,295417,pageviews_1y
Harry Hamlin,Harry Hamlin,35208,page_length
Harry Jowsey,Harry Jowsey,157285,pageviews_1y
Hayes Grier,Hayes Grier,8168,page_length
Heather Mills,Heather Mills,558846,pageviews_1y
Heather Morris,Heather Morris,36263,page_length
Heidi D'Amelio,Charli D'Amelio,926191,pageviews_1y
Helio Castroneves,Hélio Castroneves,253805,page_length
Hilaria Baldwin,Hilaria Baldwin,2330478,pageviews_1y
Hines Ward,Hines Ward,73223,page_length
Holly Madison,Holly Madison,505368,pageviews_1y
Hope Solo,Hope Solo,150698,page_length
Ian Ziering,Ian Ziering,25403,page_length
Ilona Maher,Ilona Maher,982872,pageviews_1y
Iman Shumpert,Iman Shumpert,37548,page_length
Ingo Rademacher,Ingo Rademacher,41559,pageviews_1y
J.R. Martinez,J. R. Martinez,15022,page_length
Jack Osbourne,Jack Osbourne,2900446,pageviews_1y
Jack Wagner,Jack Wagner (actor),26013,page_length
Jacoby Jones,Jacoby Jones,284547,pageviews_1y
Jake Pavelka,Jake Pavelka,7721,page_length
Jake T. Austin,Jake T. Austin,274753,pageviews_1y
Jaleel White,Jaleel White,40805,page_length
James Hinchcliffe,James Hinchcliffe,123593,pageviews_1y
James Maslow,James Maslow,35801,page_length
James Van Der Beek,James Van Der Beek,1580009,pageviews_1y
Jamie Anderson,Jamie Anderson (snowboarder),18552,page_length
Jamie Lynn Spears,Jamie Lynn Spears,87247,page_length
Jana Kramer,Jana Kramer,457247,pageviews_1y
Jane Seymour,Jane Seymour,43947,page_length
Janel Parrish,Janel Parrish,270201,pageviews_1y
Jason Lewis,Jason Lewis (actor),14393,page_length
Jason Mraz,Jason Mraz,306445,pageviews_1y
Jason Taylor,Jason Taylor (American football),40339,page_length
Jeannie Mai,Jeannie Mai,294307,pageviews_1y
Jeffrey Ross,Jeff Ross,43424,page_length
Jen Affleck,The Secret Lives of Mormon Wives,1381457,pageviews_1y
Jenn Tran,Jenn Tran,11841,page_length
Jennie Finch Daigle,Jennie Finch,114963,pageviews_1y
Jennie Garth,Jennie Garth,598356,pageviews_1y
Jennifer Grey,Jennifer Grey,34791,page_length
Jerry Rice,Jerry Rice,238260,page_length
Jerry Springer,Jerry Springer,965845,pageviews_1y
Jesse Metcalfe,Jesse Metcalfe,25742,page_length
Jessie James Decker,Jessie James Decker,242367,pageviews_1y
Jimmie Allen,Jimmie Allen,35987,page_length
JoJo Siwa,JoJo Siwa,2863394,pageviews_1y
Joanna Krupa,Joanna Krupa,34512,page_length
Jodie Sweetin,Jodie Sweetin,605390,pageviews_1y
Joe Amabile,Joe Amabile,11995,page_length
Joey Fatone,Joey Fatone,34206,page_length
Joey Graziadei,Joey Graziadei,228866,pageviews_1y
Joey Lawrence,Joey Lawrence,39862,page_length
Joey McIntyre,Joey McIntyre,342035,pageviews_1y
John O'Hurley,John O'Hurley,31673,page_length
John Ratzenberger,John Ratzenberger,867753,pageviews_1y
John Schneider,John Schneider (screen actor),52436,page_length
Johnny Damon,Johnny Damon,277490,pageviews_1y
Johnny Weir,Johnny Weir,194453,page_length
Jonathan Bennett,Jonathan Bennett (actor),418723,pageviews_1y
Jordan Chiles,Jordan Chiles,60207,page_length
Jordan Fisher,Jordan Fisher,439407,pageviews_1y
Jordin Sparks,Jordin Sparks,125476,page_length
Joseph Baena,Joseph Baena,1362480,pageviews_1y
Josh Norman,Josh Norman,65682,page_length
Josie Maran,Josie Maran,187892,pageviews_1y
Juan Pablo Di Pace,Juan Pablo Di Pace,15110,page_length
Justina Machado,Justina Machado,488042,pageviews_1y
Kaitlyn Bristowe,Kaitlyn Bristowe,17909,page_length
Karamo Brown,Karamo Brown,284859,pageviews_1y
Kareem Abdul-Jabbar,Kareem Abdul-Jabbar,192170,page_length
Kate Flannery,Kate Flannery,225053,pageviews_1y
Kate Gosselin,Kate Gosselin,33415,page_length
Katherine Jenkins,Katherine Jenkins,213639,pageviews_1y
Kathy Ireland,Kathy Ireland,45951,page_length
Kel Mitchell,Kel Mitchell,329495,pageviews_1y
Kellie Pickler,Kellie Pickler,45171,page_length
Kelly Monaco,Kelly Monaco,152472,pageviews_1y
Kelly Osbourne,Kelly Osbourne,63109,page_length
Kendra Wilkinson,Kendra Wilkinson,498777,pageviews_1y
Kenny Mayne,Kenny Mayne,14305,page_length
Kenya Moore,Kenya Moore,221748,pageviews_1y
Keyshawn Johnson,Keyshawn Johnson,31842,page_length
Kim Fields,Kim Fields,27046,page_length
Kim Kardashian,Kim Kardashian,3515770,pageviews_1y
Kim Zolciak-Biermann,Kim Zolciak,20497,page_length
Kirstie Alley,Kirstie Alley,1813766,pageviews_1y
Kristi Yamaguchi,Kristi Yamaguchi,60790,page_length
Kristin Cavallari,Kristin Cavallari,36377,page_length
Kurt Warner,Kurt Warner,1159527,pageviews_1y
Kyle Massey,Kyle Massey,17659,page_length
Laila Ali,Laila Ali,49021,page_length
Lamar Odom,Lamar Odom,841063,pageviews_1y
Lance Bass,Lance Bass,80216,page_length
Lauren Alaina,Lauren Alaina,58228,page_length
Lauren Jauregui,Lauren Jauregui,90100,page_length
Laurie Hernandez,Laurie Hernandez,63287,page_length
Lawrence Taylor,Lawrence Taylor,103372,page_length
Lea Thompson,Lea Thompson,20933,page_length
Leah Remini,Leah Remini,1044984,pageviews_1y
Leeza Gibbons,Leeza Gibbons,12870,page_length
Lele Pons,Lele Pons,383604,pageviews_1y
Lil' Kim,Lil' Kim,162835,page_length
Lindsey Stirling,Lindsey Stirling,413573,pageviews_1y
Lisa Rinna,Lisa Rinna,33670,page_length
Lisa Vanderpump,Lisa Vanderpump,37963,page_length
Lolo Jones,Lolo Jones,122912,pageviews_1y
Louie Vito,Louie Vito,12016,page_length
Macy Gray,Macy Gray,326591,pageviews_1y
Margaret Cho,Margaret Cho,503708,pageviews_1y
Maria Menounos,Maria Menounos,40072,page_length
Marie Osmond,Marie Osmond,102016,page_length
Marilu Henner,Marilu Henner,527911,pageviews_1y
Mario,Mario,184811,page_length
Mario Lopez,Mario Lopez,1020018,pageviews_1y
Marissa Jaret Winokur,Marissa Jaret Winokur,25788,page_length
Mark Cuban,Mark Cuban,2106925,pageviews_1y
Mark Dacascos,Mark Dacascos,22120,page_length
Marla Maples,Marla Maples,2638227,pageviews_1y
Marlee Matlin,Marlee Matlin,50551,page_length
Martin Kove,Martin Kove,519866,pageviews_1y
Martina Navratilova,Martina Navratilova,134884,page_length
Mary Lou Retton,Mary Lou Retton,598749,pageviews_1y
Mary Wilson,Mary Wilson,2363,page_length
Master P,Master P,573274,pageviews_1y
Matt James,Matt James,426,page_length
Matt Walsh,Matt Walsh (political commentator),687295,pageviews_1y
Maureen McCormick,Maureen McCormick,530727,pageviews_1y
Maurice Greene,Maurice Greene (fighter),27127,page_length
Mauricio Umansky,Mauricio Umansky,12987,page_length
Mel B,Mel B,1613417,pageviews_1y
Melanie C,Melanie C,181935,page_length
Melissa Gilbert,Melissa Gilbert,2098828,pageviews_1y
Melissa Joan Hart,Melissa Joan Hart,64735,page_length
Melissa Rycroft,Melissa Rycroft,127555,pageviews_1y
Melora Hardin,Melora Hardin,24625,page_length
Meryl Davis,Meryl Davis,87659,pageviews_1y
Metta World Peace (Ron),Metta Sandiford-Artest,73804,page_length
Michael Bolton,Michael Bolton,782522,pageviews_1y
Michael Irvin,Michael Irvin,42851,page_length
Michael Sam,Michael Sam,56210,page_length
Michael Waltrip,Michael Waltrip,198395,pageviews_1y
"Mike ""The Miz"" Mizanin",The Miz,238735,page_length
Mike Catherwood,Michael Catherwood,50196,pageviews_1y
Milo Manheim,Milo Manheim,17364,page_length
Mira Sorvino,Mira Sorvino,43884,page_length
Mirai Nagasu,Mirai Nagasu,109289,page_length
Mischa Barton,Mischa Barton,924310,pageviews_1y
Misty May-Treanor,Misty May-Treanor,45261,page_length
Monica Aldama,Monica Aldama,52282,pageviews_1y
Monica Seles,Monica Seles,61470,page_length
Monique Coleman,Monique Coleman,111143,pageviews_1y
Mr. T,Mr. T,56139,page_length
Mya,Mya (singer),439344,pageviews_1y
Nancy Grace,Nancy Grace,71334,page_length
Nancy Kerrigan,Nancy Kerrigan,708558,pageviews_1y
Nancy McKeon,Nancy McKeon,16663,page_length
Nastia Liukin,Nastia Liukin,115475,pageviews_1y
Natalie Coughlin,Natalie Coughlin,52738,page_length
NeNe Leakes,NeNe Leakes,28541,page_length
Nelly,Nelly,73029,page_length
Nev Schulman,Nev Schulman,174654,pageviews_1y
Nick Carter,Nick Carter,96448,page_length
Nick Lachey,Nick Lachey,40018,page_length
Nick Viall,Nick Viall,198864,pageviews_1y
"Nicole ""Snooki"" Polizzi",Snooki,37807,page_length
Nicole Scherzinger,Nicole Scherzinger,2877857,pageviews_1y
Niecy Nash,Niecy Nash,60375,page_length
Nikki Bella,Nikki Bella,1615750,pageviews_1y
Nikki Glaser,Nikki Glaser,39741,page_length
Noah Galloway,Noah Galloway,13575,pageviews_1y
Normani,Normani,128025,page_length
Nyle DiMarco,Nyle DiMarco,116058,pageviews_1y
Olivia Jade,Olivia Jade,24581,page_length
Paige VanZant,Paige VanZant,292745,pageviews_1y
Pamela Anderson,Pamela Anderson,140536,page_length
Patti LaBelle,Patti LaBelle,72151,page_length
Paula Deen,Paula Deen,344312,pageviews_1y
Paulina Porizkova,Paulina Porizkova,43328,page_length
Penn Jillette,Penn Jillette,491346,pageviews_1y
Petra Nemcova,Petra Němcová,16610,page_length
Phaedra Parks,Phaedra Parks,291121,pageviews_1y
Priscilla Presley,Priscilla Presley,52023,page_length
Rachel Hunter,Rachel Hunter,582809,pageviews_1y
Ralph Macchio,Ralph Macchio,46558,page_length
Randy Couture,Randy Couture,482626,pageviews_1y
Rashad Jennings,Rashad Jennings,28884,page_length
Ray Lewis,Ray Lewis,882601,pageviews_1y
Redfoo,Redfoo,30813,page_length
Reginald VelJohnson,Reginald VelJohnson,498980,pageviews_1y
Rick Fox,Rick Fox,53988,page_length
Rick Perry,Rick Perry,395953,pageviews_1y
Ricki Lake,Ricki Lake,39461,page_length
Riker Lynch,Riker Lynch,76810,pageviews_1y
Rob Kardashian,Rob Kardashian,22090,page_length
Robert Herjavec,Robert Herjavec,719422,pageviews_1y
Robert Irwin,Robert Irwin (conservationist),83233,page_length
Rocco DiSpirito,Rocco DiSpirito,88484,pageviews_1y
Romeo,Romeo,7992,page_length
Roshon Fegan,Roshon Fegan,87466,pageviews_1y
Rumer Willis,Rumer Willis,35421,page_length
Ryan Lochte,Ryan Lochte,295392,pageviews_1y
Sabrina Bryan,Sabrina Bryan,23540,page_length
Sadie Robertson,Sadie Robertson,19518,page_length
Sailor Brinkley-Cook,Sailor Brinkley Cook,337349,pageviews_1y
Sam Champion,Sam Champion,10708,page_length
Sara Evans,Sara Evans,250516,pageviews_1y
Sasha Pieterse,Sasha Pieterse,41613,page_length
Scott Hoying,Scott Hoying,450797,pageviews_1y
Sean Avery,Sean Avery,48625,page_length
Sean Lowe,Sean Lowe (television personality),64188,pageviews_1y
Sean Spicer,Sean Spicer,80151,page_length
Selma Blair,Selma Blair,973945,pageviews_1y
Shandi Finnessey,Shandi Finnessey,37897,page_length
Shangela,Shangela,124868,pageviews_1y
Shanna Moakler,Shanna Moakler,36589,page_length
Shannen Doherty,Shannen Doherty,2059863,pageviews_1y
Shannon Elizabeth,Shannon Elizabeth,26074,page_length
Shawn Johnson,Shawn Johnson East,273682,pageviews_1y
Sherri Sheperd,Shepherd (name),17580,page_length
Simone Biles,Simone Biles,1325145,pageviews_1y
Skai Jackson,Skai Jackson,518623,pageviews_1y
Stacy Keibler,Stacy Keibler,57924,page_length
Stephen Nedoroscik,Stephen Nedoroscik,124011,pageviews_1y
Steve Guttenberg,Steve Guttenberg,30270,page_length
Steve Wozniak,Steve Wozniak,122563,page_length
Steve-O,Steve-O,619566,pageviews_1y
Sugar Ray Leonard,Sugar Ray Leonard,104786,page_length
Suni Lee,Sunisa Lee,571359,pageviews_1y
Susan Lucci,Susan Lucci,49753,page_length
Suzanne Somers,Suzanne Somers,927860,pageviews_1y
Tamar Braxton,Tamar Braxton,66082,page_length
Tatum O'Neal,Tatum O'Neal,1251046,pageviews_1y
Tavis Smiley,Tavis Smiley,51149,page_length
Ted McGinley,Ted McGinley,567908,pageviews_1y
Teresa Giudice,Teresa Giudice,39167,page_length
Terra Jole,Terra Jolé,27725,pageviews_1y
Terrell Owens,Terrell Owens,98570,page_length
The Situation,Situation,5176,pageviews_1y
Tia Carrere,Tia Carrere,32647,page_length
Tinashe,Tinashe,433507,pageviews_1y
Tom DeLay,Tom DeLay,81269,page_length
Tommy Chong,Tommy Chong,883849,pageviews_1y
Toni Braxton,Toni Braxton,108875,page_length
Tonya Harding,Tonya Harding,1295251,pageviews_1y
Tori Spelling,Tori Spelling,45180,page_length
Trevor Donovan,Trevor Donovan,227242,pageviews_1y
Trista Sutter,Trista Sutter,11258,page_length
Tucker Carlson,Tucker Carlson,2059318,pageviews_1y
Ty Murray,Ty Murray,50894,page_length
Tyson Beckford,Tyson Beckford,265296,pageviews_1y
Valerie Harper,Valerie Harper,53926,page_length
Vanessa Lachey,Vanessa Lachey,582452,pageviews_1y
Vanilla Ice,Vanilla Ice,117583,page_length
Veron Davis,Juan Sebastián Verón,250315,pageviews_1y
Victor Espinoza,Victor Espinoza,23875,page_length
Victor Ortiz,Victor Ortiz,111600,pageviews_1y
Victoria Arlen,Victoria Arlen,10955,page_length
Vinny Guadagnino,Vinny Guadagnino,192386,pageviews_1y
Vivica A. Fox,Vivica A. Fox,46059,page_length
Von Miller,Von Miller,657851,pageviews_1y
Wanya Morris,Wanya Morris,20709,page_length
Warren Sapp,Warren Sapp,356296,pageviews_1y
Wayne Brady,Wayne Brady,56928,page_length
Wayne Newton,Wayne Newton,628106,pageviews_1y
Wendy Williams,Wendy Williams,126292,page_length
Whitney Leavitt,Whitney Leavitt,148588,pageviews_1y
Willa Ford,Willa Ford,21691,page_length
William Levy,William Levy (actor),269888,pageviews_1y
Willow Shields,Willow Shields,22956,page_length
Wynonna Judd,Wynonna Judd,53658,page_length
Xochitl Gomez,Xochitl Gomez,632696,pageviews_1y
Zendaya,Zendaya,119313,page_length
